SSIP,Stdevpack,Stdevbyte,NbFlow,NbIntFlow
13.333333333333334,0.0,0.0,13.333333333333334,1.0
